Protocollo;Gruppo;DataOraIncidente;Localizzazione1;STRADA1;Localizzazione2;STRADA2;Strada02;Chilometrica;DaSpecificare;NaturaIncidente;particolaritastrade;TipoStrada;FondoStradale;Pavimentazione;Segnaletica;CondizioneAtmosferica;Traffico;Visibilita;Illuminazione;NUM_FERITI;NUM_RISERVATA;NUM_MORTI;NUM_ILLESI;Longitudine;Latitudine;Confermato;Progressivo;TipoVeicolo;StatoVeicolo;TipoPersona;Sesso;Tipolesione;Deceduto;DecedutoDopo;CinturaCascoUtilizzato;Airbag
1887459;13;18/09/2011 14:10;Strada Urbana;VIA ISOLE DEL CAPO VERDE;all'intersezione con;VIA CARLO MARENCO DI MORIONDO;VIA CARLO MARENCO DI MORIONDO;;;Scontro frontale/laterale SX fra veicoli in marcia;Incrocio;Due carreggiate;Asciutto;Asfaltata;Verticale ed orizzontale;Sereno;Normale;Buona;Ore Diurne;2;0;0;0;;;-1;2;Autovettura privata;In marcia / fermata / arresto;Conducente;F;Rimandato;0;NON DECEDUTO;Non accertato;Inesploso
1887460;7;16/09/2011 08:10;Strada Urbana;VIA DEI PLATANI;in corrispondenza;;del civico n. ;148;;Investimento di pedone;Pendenza;Una carreggiata a doppio senso;Asciutto;Asfaltata;Verticale ed orizzontale;Sereno;Normale;Buona;Ore Diurne;0;0;0;3;;;-1;;;;Pedone;M;Illeso;0;;;
1887460;7;16/09/2011 08:10;Strada Urbana;VIA DEI PLATANI;in corrispondenza;;del civico n. ;148;;Investimento di pedone;Pendenza;Una carreggiata a doppio senso;Asciutto;Asfaltata;Verticale ed orizzontale;Sereno;Normale;Buona;Ore Diurne;0;0;0;3;;;-1;1;Autovettura privata;In marcia / fermata / arresto;Conducente;M;Illeso;0;;Non accertato;Inesploso
1887460;7;16/09/2011 08:10;Strada Urbana;VIA DEI PLATANI;in corrispondenza;;del civico n. ;148;;Investimento di pedone;Pendenza;Una carreggiata a doppio senso;Asciutto;Asfaltata;Verticale ed orizzontale;Sereno;Normale;Buona;Ore Diurne;0;0;0;3;;;-1;1;Autovettura privata;In marcia / fermata / arresto;Passeggero;F;Illeso;0;;Non accertato;Inesploso
1887461;3;16/09/2011 10:45;Strada Urbana;VIA BARTOLOMEO EUSTACHIO;all'intersezione con;VIA FRANCESCO REDI;VIA FRANCESCO REDI;;;Scontro frontale/laterale SX fra veicoli in marcia;Incrocio;Una carreggiata a senso unico di marcia;Asciutto;Asfaltata;Verticale ed orizzontale;Sereno;Scarso;Buona;Ore Diurne;1;0;0;4;;;-1;1;Autovettura privata;In marcia / fermata / arresto;Conducente;M;Illeso;0;;Non accertato;Inesistente
1887461;3;16/09/2011 10:45;Strada Urbana;VIA BARTOLOMEO EUSTACHIO;all'intersezione con;VIA FRANCESCO REDI;VIA FRANCESCO REDI;;;Scontro frontale/laterale SX fra veicoli in marcia;Incrocio;Una carreggiata a senso unico di marcia;Asciutto;Asfaltata;Verticale ed orizzontale;Sereno;Scarso;Buona;Ore Diurne;1;0;0;4;;;-1;1;Autovettura privata;In marcia / fermata / arresto;Passeggero;M;Illeso;0;;Non accertato;Inesistente
1887461;3;16/09/2011 10:45;Strada Urbana;VIA BARTOLOMEO EUSTACHIO;all'intersezione con;VIA FRANCESCO REDI;VIA FRANCESCO REDI;;;Scontro frontale/laterale SX fra veicoli in marcia;Incrocio;Una carreggiata a senso unico di marcia;Asciutto;Asfaltata;Verticale ed orizzontale;Sereno;Scarso;Buona;Ore Diurne;1;0;0;4;;;-1;1;Autovettura privata;In marcia / fermata / arresto;Passeggero;F;Illeso;0;;Non accertato;Inesistente
1887461;3;16/09/2011 10:45;Strada Urbana;VIA BARTOLOMEO EUSTACHIO;all'intersezione con;VIA FRANCESCO REDI;VIA FRANCESCO REDI;;;Scontro frontale/laterale SX fra veicoli in marcia;Incrocio;Una carreggiata a senso unico di marcia;Asciutto;Asfaltata;Verticale ed orizzontale;Sereno;Scarso;Buona;Ore Diurne;1;0;0;4;;;-1;1;Autovettura privata;In marcia / fermata / arresto;Passeggero;M;Illeso;0;;Non accertato;Inesistente
1887461;3;16/09/2011 10:45;Strada Urbana;VIA BARTOLOMEO EUSTACHIO;all'intersezione con;VIA FRANCESCO REDI;VIA FRANCESCO REDI;;;Scontro frontale/laterale SX fra veicoli in marcia;Incrocio;Una carreggiata a senso unico di marcia;Asciutto;Asfaltata;Verticale ed orizzontale;Sereno;Scarso;Buona;Ore Diurne;1;0;0;4;;;-1;2;Ciclomotore;In marcia / fermata / arresto;Conducente;M;Rimandato;0;NON DECEDUTO;Non accertato;Inesistente
1887462;13;18/09/2011 17:55;Strada Urbana;VIA LITORANEA;da specificare;;;;altezza 7° cancello;Scontro frontale/laterale SX fra veicoli in marcia;Rettilineo;Una carreggiata a doppio senso;Asciutto;Asfaltata;Orizzontale;Sereno;Normale;Buona;Ore Diurne;2;0;0;1;;;-1;1;Autovettura privata;In marcia / fermata / arresto;Conducente;M;Illeso;0;;Non accertato;Inesploso
1887462;13;18/09/2011 17:55;Strada Urbana;VIA LITORANEA;da specificare;;;;altezza 7° cancello;Scontro frontale/laterale SX fra veicoli in marcia;Rettilineo;Una carreggiata a doppio senso;Asciutto;Asfaltata;Orizzontale;Sereno;Normale;Buona;Ore Diurne;2;0;0;1;;;-1;2;Motociclo con passeggero;In marcia / fermata / arresto;Conducente;M;Rimandato;0;NON DECEDUTO;Non accertato;Inesistente
1887462;13;18/09/2011 17:55;Strada Urbana;VIA LITORANEA;da specificare;;;;altezza 7° cancello;Scontro frontale/laterale SX fra veicoli in marcia;Rettilineo;Una carreggiata a doppio senso;Asciutto;Asfaltata;Orizzontale;Sereno;Normale;Buona;Ore Diurne;2;0;0;1;;;-1;2;Motociclo con passeggero;In marcia / fermata / arresto;Passeggero;F;Rimandato;0;NON DECEDUTO;Non accertato;Inesploso
1887463;3;17/09/2011 09:15;Strada Urbana;PIAZZALE DEL VERANO;da specificare;;;;interno cimitero verano riquadri 9/10/14/13;Scontro frontale/laterale DX fra veicoli in marcia;Rettilineo;Due carreggiate;Asciutto;Asfaltata;Assente;Sereno;Scarso;Buona;Ore Diurne;0;0;0;3;;;-1;1;Autovettura privata;In marcia / fermata / arresto;Conducente;M;Illeso;0;;Non accertato;Inesistente
1887463;3;17/09/2011 09:15;Strada Urbana;PIAZZALE DEL VERANO;da specificare;;;;interno cimitero verano riquadri 9/10/14/13;Scontro frontale/laterale DX fra veicoli in marcia;Rettilineo;Due carreggiate;Asciutto;Asfaltata;Assente;Sereno;Scarso;Buona;Ore Diurne;0;0;0;3;;;-1;1;Autovettura privata;In marcia / fermata / arresto;Passeggero;F;Illeso;0;;Non accertato;Inesistente
1887463;3;17/09/2011 09:15;Strada Urbana;PIAZZALE DEL VERANO;da specificare;;;;interno cimitero verano riquadri 9/10/14/13;Scontro frontale/laterale DX fra veicoli in marcia;Rettilineo;Due carreggiate;Asciutto;Asfaltata;Assente;Sereno;Scarso;Buona;Ore Diurne;0;0;0;3;;;-1;2;Autovettura privata;In marcia / fermata / arresto;Conducente;F;Illeso;0;;Non accertato;Inesistente
1887465;13;18/09/2011 17:55;Strada Urbana;VIA ALESSANDRO GERALDINI;all'intersezione con;VIA FERDINANDO D'ARAGONA;VIA FERDINANDO D'ARAGONA;;;Scontro frontale/laterale SX fra veicoli in marcia;Incrocio;Una carreggiata a senso unico di marcia;Asciutto;Asfaltata;Assente;Sereno;Scarso;Buona;Ore Diurne;0;0;0;5;;;-1;1;Autovettura privata;In marcia / fermata / arresto;Conducente;F;Illeso;0;;Non accertato;Inesploso
1887465;13;18/09/2011 17:55;Strada Urbana;VIA ALESSANDRO GERALDINI;all'intersezione con;VIA FERDINANDO D'ARAGONA;VIA FERDINANDO D'ARAGONA;;;Scontro frontale/laterale SX fra veicoli in marcia;Incrocio;Una carreggiata a senso unico di marcia;Asciutto;Asfaltata;Assente;Sereno;Scarso;Buona;Ore Diurne;0;0;0;5;;;-1;1;Autovettura privata;In marcia / fermata / arresto;Passeggero;F;Illeso;0;;Non accertato;Inesploso
1887465;13;18/09/2011 17:55;Strada Urbana;VIA ALESSANDRO GERALDINI;all'intersezione con;VIA FERDINANDO D'ARAGONA;VIA FERDINANDO D'ARAGONA;;;Scontro frontale/laterale SX fra veicoli in marcia;Incrocio;Una carreggiata a senso unico di marcia;Asciutto;Asfaltata;Assente;Sereno;Scarso;Buona;Ore Diurne;0;0;0;5;;;-1;1;Autovettura privata;In marcia / fermata / arresto;Passeggero;F;Illeso;0;;Non accertato;Inesploso
1887465;13;18/09/2011 17:55;Strada Urbana;VIA ALESSANDRO GERALDINI;all'intersezione con;VIA FERDINANDO D'ARAGONA;VIA FERDINANDO D'ARAGONA;;;Scontro frontale/laterale SX fra veicoli in marcia;Incrocio;Una carreggiata a senso unico di marcia;Asciutto;Asfaltata;Assente;Sereno;Scarso;Buona;Ore Diurne;0;0;0;5;;;-1;1;Autovettura privata;In marcia / fermata / arresto;Passeggero;M;Illeso;0;;Non accertato;Inesploso
1887465;13;18/09/2011 17:55;Strada Urbana;VIA ALESSANDRO GERALDINI;all'intersezione con;VIA FERDINANDO D'ARAGONA;VIA FERDINANDO D'ARAGONA;;;Scontro frontale/laterale SX fra veicoli in marcia;Incrocio;Una carreggiata a senso unico di marcia;Asciutto;Asfaltata;Assente;Sereno;Scarso;Buona;Ore Diurne;0;0;0;5;;;-1;2;Autovettura privata;In marcia / fermata / arresto;Conducente;M;Illeso;0;;Non accertato;Inesploso
1887466;3;16/09/2011 13:15;Strada Urbana;VIALE REGINA ELENA;in prossimità;;del civico n. ;289;;Scontro laterale fra veicoli in marcia;Rettilineo;Una carreggiata a doppio senso;Asciutto;Asfaltata;Verticale ed orizzontale;Sereno;Normale;Buona;Ore Diurne;0;0;0;3;;;-1;1;Motociclo con passeggero;In marcia / fermata / arresto;Conducente;M;Illeso;0;;Utilizzato;Inesistente
1887466;3;16/09/2011 13:15;Strada Urbana;VIALE REGINA ELENA;in prossimità;;del civico n. ;289;;Scontro laterale fra veicoli in marcia;Rettilineo;Una carreggiata a doppio senso;Asciutto;Asfaltata;Verticale ed orizzontale;Sereno;Normale;Buona;Ore Diurne;0;0;0;3;;;-1;1;Motociclo con passeggero;In marcia / fermata / arresto;Passeggero;M;Illeso;0;;Utilizzato;Inesistente
1887466;3;16/09/2011 13:15;Strada Urbana;VIALE REGINA ELENA;in prossimità;;del civico n. ;289;;Scontro laterale fra veicoli in marcia;Rettilineo;Una carreggiata a doppio senso;Asciutto;Asfaltata;Verticale ed orizzontale;Sereno;Normale;Buona;Ore Diurne;0;0;0;3;;;-1;2;Autovettura privata;In marcia / fermata / arresto;Conducente;M;Illeso;0;;Utilizzato;Inesistente
1887467;13;18/09/2011 12:30;Strada Urbana;VIALE DELLA PINETA;in prossimità;;del civico n. ;16/18;;Veicoli in marcia contro veicoli fermi;Rettilineo;Una carreggiata a doppio senso;Asciutto;Asfaltata;Orizzontale;Sereno;Normale;Buona;Ore Diurne;0;0;0;1;;;-1;1;Autovettura privata;In marcia / fermata / arresto;Conducente;M;Illeso;0;;Non accertato;Inesistente
1887468;3;17/09/2011 13:30;Strada Urbana;VIA GIOVANNI BATTISTA MORGAGNI;in prossimità;;del civico n. ;41;;Scontro frontale/laterale SX fra veicoli in marcia;Rettilineo;Una carreggiata a doppio senso;Asciutto;Asfaltata;Verticale ed orizzontale;Sereno;Normale;Buona;Ore Diurne;1;0;0;1;;;-1;1;Autovettura di polizia;In marcia / fermata / arresto;Conducente;M;Rimandato;0;NON DECEDUTO;Utilizzato;Inesistente
1887468;3;17/09/2011 13:30;Strada Urbana;VIA GIOVANNI BATTISTA MORGAGNI;in prossimità;;del civico n. ;41;;Scontro frontale/laterale SX fra veicoli in marcia;Rettilineo;Una carreggiata a doppio senso;Asciutto;Asfaltata;Verticale ed orizzontale;Sereno;Normale;Buona;Ore Diurne;1;0;0;1;;;-1;2;Autovettura privata;In marcia / fermata / arresto;Conducente;M;Illeso;0;;Non accertato;Inesistente
1887469;13;18/09/2011 22:45;Strada Urbana;PIAZZALE MAGELLANO;da specificare;;;;altezza spiaggia libera;Veicolo in marcia contro veicolo in sosta;Rettilineo;Due carreggiate;Asciutto;Asfaltata;Verticale;Sereno;Scarso;Buona;Sufficiente;0;0;0;1;;;-1;1;Autovettura privata;In marcia / fermata / arresto;Conducente;M;Illeso;0;;Non accertato;Inesistente
1887470;3;17/09/2011 14:25;Strada Urbana;VIA TIBURTINA;in prossimità;;del civico n. ;156;;Tamponamento;Rettilineo;Una carreggiata a doppio senso;Asciutto;Asfaltata;Verticale ed orizzontale;Sereno;Normale;Buona;Ore Diurne;0;0;0;2;;;-1;1;Autovettura di polizia;In marcia / fermata / arresto;Conducente;M;Illeso;0;;Non accertato;Inesploso
1887470;3;17/09/2011 14:25;Strada Urbana;VIA TIBURTINA;in prossimità;;del civico n. ;156;;Tamponamento;Rettilineo;Una carreggiata a doppio senso;Asciutto;Asfaltata;Verticale ed orizzontale;Sereno;Normale;Buona;Ore Diurne;0;0;0;2;;;-1;2;Autovettura privata;In marcia / fermata / arresto;Conducente;F;Illeso;0;;Non accertato;Inesploso
1887471;3;17/09/2011 02:00;Strada Urbana;VIA DI S. IPPOLITO;in prossimità;;del civico n. ;54;;Veicolo in marcia contro veicoli in sosta;Rettilineo;Una carreggiata a senso unico di marcia;Asciutto;Asfaltata;Orizzontale;Sereno;Scarso;Buona;Sufficiente;0;0;0;1;;;-1;2;Veicolo speciale;In marcia / fermata / arresto;Conducente;M;Illeso;0;;Non accertato;Inesistente
1887472;18;17/09/2011 13:30;Strada Urbana;VIA DI TORREVECCHIA;in prossimità;;del civico n. ;877;;Scontro laterale fra veicoli in marcia;Rettilineo;Due carreggiate;Asciutto;Asfaltata;Verticale ed orizzontale;Sereno;Scarso;Buona;Ore Diurne;1;0;0;4;;;-1;1;Autovettura privata;In marcia / fermata / arresto;Conducente;F;Illeso;0;;Non accertato;Inesploso
1887472;18;17/09/2011 13:30;Strada Urbana;VIA DI TORREVECCHIA;in prossimità;;del civico n. ;877;;Scontro laterale fra veicoli in marcia;Rettilineo;Due carreggiate;Asciutto;Asfaltata;Verticale ed orizzontale;Sereno;Scarso;Buona;Ore Diurne;1;0;0;4;;;-1;1;Autovettura privata;In marcia / fermata / arresto;Passeggero;F;Illeso;0;;Non accertato;Inesploso
1887472;18;17/09/2011 13:30;Strada Urbana;VIA DI TORREVECCHIA;in prossimità;;del civico n. ;877;;Scontro laterale fra veicoli in marcia;Rettilineo;Due carreggiate;Asciutto;Asfaltata;Verticale ed orizzontale;Sereno;Scarso;Buona;Ore Diurne;1;0;0;4;;;-1;1;Autovettura privata;In marcia / fermata / arresto;Passeggero;M;Illeso;0;;Non accertato;Inesploso
1887472;18;17/09/2011 13:30;Strada Urbana;VIA DI TORREVECCHIA;in prossimità;;del civico n. ;877;;Scontro laterale fra veicoli in marcia;Rettilineo;Due carreggiate;Asciutto;Asfaltata;Verticale ed orizzontale;Sereno;Scarso;Buona;Ore Diurne;1;0;0;4;;;-1;2;Autovettura privata;In marcia / fermata / arresto;Conducente;M;Illeso;0;;Non accertato;Inesploso
1887472;18;17/09/2011 13:30;Strada Urbana;VIA DI TORREVECCHIA;in prossimità;;del civico n. ;877;;Scontro laterale fra veicoli in marcia;Rettilineo;Due carreggiate;Asciutto;Asfaltata;Verticale ed orizzontale;Sereno;Scarso;Buona;Ore Diurne;1;0;0;4;;;-1;2;Autovettura privata;In marcia / fermata / arresto;Passeggero;F;Rimandato;0;NON DECEDUTO;Non accertato;Inesploso
1887473;3;18/09/2011 21:00;Strada Urbana;CIRCONVALLAZIONE TIBURTINA;in prossimità;;del civico n. ;4;;Scontro laterale fra veicoli in marcia;Rettilineo;Una carreggiata a senso unico di marcia;Asciutto;Asfaltata;Verticale ed orizzontale;Sereno;Normale;Buona;Sufficiente;0;0;0;3;;;-1;1;Autocarro inferiore 35 q.;In marcia / fermata / arresto;Conducente;M;Illeso;0;;Non accertato;Inesistente
1887473;3;18/09/2011 21:00;Strada Urbana;CIRCONVALLAZIONE TIBURTINA;in prossimità;;del civico n. ;4;;Scontro laterale fra veicoli in marcia;Rettilineo;Una carreggiata a senso unico di marcia;Asciutto;Asfaltata;Verticale ed orizzontale;Sereno;Normale;Buona;Sufficiente;0;0;0;3;;;-1;2;Autovettura privata;In marcia / fermata / arresto;Conducente;F;Illeso;0;;Non accertato;Inesistente
1887473;3;18/09/2011 21:00;Strada Urbana;CIRCONVALLAZIONE TIBURTINA;in prossimità;;del civico n. ;4;;Scontro laterale fra veicoli in marcia;Rettilineo;Una carreggiata a senso unico di marcia;Asciutto;Asfaltata;Verticale ed orizzontale;Sereno;Normale;Buona;Sufficiente;0;0;0;3;;;-1;2;Autovettura privata;In marcia / fermata / arresto;Passeggero;M;Illeso;0;;Non accertato;Inesistente
1887474;3;18/09/2011 23:45;Strada Urbana;VIA GIOVANNI BATTISTA MORGAGNI;all'intersezione con;PIAZZA SALERNO;PIAZZA SALERNO;;;Tamponamento;Incrocio;Più di due carreggiate;Asciutto;Asfaltata;Verticale ed orizzontale;Sereno;Normale;Sufficiente;Sufficiente;1;0;0;1;;;-1;1;Motociclo a solo;In marcia / fermata / arresto;Conducente;M;Illeso;0;;Utilizzato;Inesistente
1887474;3;18/09/2011 23:45;Strada Urbana;VIA GIOVANNI BATTISTA MORGAGNI;all'intersezione con;PIAZZA SALERNO;PIAZZA SALERNO;;;Tamponamento;Incrocio;Più di due carreggiate;Asciutto;Asfaltata;Verticale ed orizzontale;Sereno;Normale;Sufficiente;Sufficiente;1;0;0;1;;;-1;2;Motociclo a solo;In marcia / fermata / arresto;Conducente;M;Rimandato;0;NON DECEDUTO;Utilizzato;Inesistente
1887476;3;19/09/2011 05:50;Strada Urbana;Tangenziale Est direzione S. Giovanni;da specificare;;;;altezza Sacrario Militare;Veicolo in marcia contro ostacolo accidentale;Rettilineo;Più di due carreggiate;Bagnato (pioggia);Asfaltata;Orizzontale;Nebbia;Normale;Sufficiente;Sufficiente;0;0;0;1;;;-1;1;Autovettura privata;In marcia / fermata / arresto;Conducente;M;Illeso;0;;Non accertato;Inesistente
1887477;12;19/09/2011 09:50;Statale;VIA OSTIENSE;da specificare;;;;rampe altezza GRA direzione Roma centro;Tamponamento;Rettilineo;Due carreggiate;Bagnato (pioggia);Asfaltata;Verticale ed orizzontale;Nuvoloso;Intenso;Buona;Ore Diurne;0;0;0;2;;;-1;1;Autovettura privata;In marcia / fermata / arresto;Conducente;M;Illeso;0;;Utilizzato;Inesploso
1887477;12;19/09/2011 09:50;Statale;VIA OSTIENSE;da specificare;;;;rampe altezza GRA direzione Roma centro;Tamponamento;Rettilineo;Due carreggiate;Bagnato (pioggia);Asfaltata;Verticale ed orizzontale;Nuvoloso;Intenso;Buona;Ore Diurne;0;0;0;2;;;-1;2;Autovettura privata;In marcia / fermata / arresto;Conducente;M;Illeso;0;;Utilizzato;Inesploso
1887478;23;16/09/2011 08:00;Comunale extraurbana;VIA CRISTOFORO COLOMBO;in prossimità;;della chilometrica ;18,5;;Tamponamento Multiplo;Rettilineo;Due carreggiate;Asciutto;Asfaltata;Verticale ed orizzontale;Sereno;Intenso;Buona;Ore Diurne;0;0;0;3;;;-1;1;Autovettura privata;In marcia / fermata / arresto;Conducente;F;Illeso;0;;Utilizzato;Inesploso
1887478;23;16/09/2011 08:00;Comunale extraurbana;VIA CRISTOFORO COLOMBO;in prossimità;;della chilometrica ;18,5;;Tamponamento Multiplo;Rettilineo;Due carreggiate;Asciutto;Asfaltata;Verticale ed orizzontale;Sereno;Intenso;Buona;Ore Diurne;0;0;0;3;;;-1;2;Autovettura privata;In marcia / fermata / arresto;Conducente;M;Illeso;0;;Utilizzato;Inesploso
1887478;23;16/09/2011 08:00;Comunale extraurbana;VIA CRISTOFORO COLOMBO;in prossimità;;della chilometrica ;18,5;;Tamponamento Multiplo;Rettilineo;Due carreggiate;Asciutto;Asfaltata;Verticale ed orizzontale;Sereno;Intenso;Buona;Ore Diurne;0;0;0;3;;;-1;3;Autovettura privata;In marcia / fermata / arresto;Conducente;M;Illeso;0;;Utilizzato;Inesploso
1887479;10;18/09/2011 02:00;Strada Urbana;PIAZZA ARULENO CELIO SABINO;all'intersezione con;VIA CAIO CANULEIO;VIA CAIO CANULEIO;;;Scontro frontale/laterale SX fra veicoli in marcia;Incrocio;Una carreggiata a senso unico di marcia;Asciutto;Asfaltata;Verticale ed orizzontale;Sereno;Normale;Sufficiente;Sufficiente;0;0;0;3;;;-1;1;Autovettura privata;In marcia / fermata / arresto;Conducente;M;Illeso;0;;Non accertato;Inesploso
1887479;10;18/09/2011 02:00;Strada Urbana;PIAZZA ARULENO CELIO SABINO;all'intersezione con;VIA CAIO CANULEIO;VIA CAIO CANULEIO;;;Scontro frontale/laterale SX fra veicoli in marcia;Incrocio;Una carreggiata a senso unico di marcia;Asciutto;Asfaltata;Verticale ed orizzontale;Sereno;Normale;Sufficiente;Sufficiente;0;0;0;3;;;-1;2;Autovettura privata;In marcia / fermata / arresto;Conducente;F;Illeso;0;;Non accertato;Inesistente
1887479;10;18/09/2011 02:00;Strada Urbana;PIAZZA ARULENO CELIO SABINO;all'intersezione con;VIA CAIO CANULEIO;VIA CAIO CANULEIO;;;Scontro frontale/laterale SX fra veicoli in marcia;Incrocio;Una carreggiata a senso unico di marcia;Asciutto;Asfaltata;Verticale ed orizzontale;Sereno;Normale;Sufficiente;Sufficiente;0;0;0;3;;;-1;2;Autovettura privata;In marcia / fermata / arresto;Passeggero;M;Illeso;0;;Non accertato;Inesistente
1887480;3;19/09/2011 05:50;Strada Urbana;Tangenziale Est direzione S. Giovanni;da specificare;;;;altezza Sacrario Militare;Veicolo in marcia contro ostacolo fisso;Rettilineo;Più di due carreggiate;Bagnato (pioggia);Asfaltata;Orizzontale;Pioggia in atto;Normale;Sufficiente;Sufficiente;0;0;0;1;;;-1;1;Autovettura privata;In marcia / fermata / arresto;Conducente;M;Illeso;0;;Non accertato;Inesistente
1887481;10;18/09/2011 21:00;Strada Urbana;VIA TUSCOLANA;in prossimità;;del civico n. ;1022;;Veicolo in marcia contro veicolo fermo;Rettilineo;Due carreggiate;Asciutto;Asfaltata;Assente;Sereno;Normale;Sufficiente;Sufficiente;3;0;0;0;;;-1;1;Autovettura privata;In marcia / fermata / arresto;Conducente;M;Rifiuta cure immediate;0;NON DECEDUTO;Non accertato;Inesploso
1887481;10;18/09/2011 21:00;Strada Urbana;VIA TUSCOLANA;in prossimità;;del civico n. ;1022;;Veicolo in marcia contro veicolo fermo;Rettilineo;Due carreggiate;Asciutto;Asfaltata;Assente;Sereno;Normale;Sufficiente;Sufficiente;3;0;0;0;;;-1;1;Autovettura privata;In marcia / fermata / arresto;Passeggero;M;Rimandato;0;NON DECEDUTO;Non accertato;Inesistente
1887481;10;18/09/2011 21:00;Strada Urbana;VIA TUSCOLANA;in prossimità;;del civico n. ;1022;;Veicolo in marcia contro veicolo fermo;Rettilineo;Due carreggiate;Asciutto;Asfaltata;Assente;Sereno;Normale;Sufficiente;Sufficiente;3;0;0;0;;;-1;2;Autovettura privata;In marcia / fermata / arresto;Conducente;M;Rifiuta cure immediate;0;NON DECEDUTO;Non accertato;Inesploso
1887482;10;19/09/2011 01:15;Strada Urbana;VIA ANAGNINA;da specificare;;;;100 mt dopo il gra direz. Grottaferrata;Veicolo in marcia contro ostacolo fisso;Rettilineo;Una carreggiata a senso unico di marcia;Asciutto;Asfaltata;Verticale ed orizzontale;Sereno;Scarso;Sufficiente;Sufficiente;1;0;0;0;;;-1;1;Autovettura privata;In marcia / fermata / arresto;Conducente;F;Rimandato;0;NON DECEDUTO;Non accertato;Inesistente
1887483;5;18/09/2011 21:35;Strada Urbana;VIA DI PIETRALATA;all'intersezione semaforizzata con;VIA MATTEO TONDI;VIA MATTEO TONDI;;;Scontro laterale fra veicoli in marcia;Intersezione semaforizzata;Una carreggiata a doppio senso;Asciutto;Asfaltata;Verticale ed orizzontale;Sereno;Normale;Buona;Sufficiente;0;0;0;3;;;-1;1;Autovettura privata;In marcia / fermata / arresto;Conducente;M;Illeso;0;;Non accertato;Inesistente
1887483;5;18/09/2011 21:35;Strada Urbana;VIA DI PIETRALATA;all'intersezione semaforizzata con;VIA MATTEO TONDI;VIA MATTEO TONDI;;;Scontro laterale fra veicoli in marcia;Intersezione semaforizzata;Una carreggiata a doppio senso;Asciutto;Asfaltata;Verticale ed orizzontale;Sereno;Normale;Buona;Sufficiente;0;0;0;3;;;-1;1;Autovettura privata;In marcia / fermata / arresto;Passeggero;M;Illeso;0;;Non accertato;Inesistente
1887483;5;18/09/2011 21:35;Strada Urbana;VIA DI PIETRALATA;all'intersezione semaforizzata con;VIA MATTEO TONDI;VIA MATTEO TONDI;;;Scontro laterale fra veicoli in marcia;Intersezione semaforizzata;Una carreggiata a doppio senso;Asciutto;Asfaltata;Verticale ed orizzontale;Sereno;Normale;Buona;Sufficiente;0;0;0;3;;;-1;2;Autobus di linea;In marcia / fermata / arresto;Conducente;M;Illeso;0;;Non accertato;Inesistente
1887484;5;18/09/2011 17:00;Strada Urbana;VIA DELLA TENUTA DEL CAVALIERE;da specificare;;;;pross. ponte sul fiume Aniene;Scontro laterale fra veicoli in marcia;Rettilineo;Una carreggiata a doppio senso;Asciutto;Asfaltata;Verticale ed orizzontale;Sereno;Normale;Buona;Ore Diurne;1;0;0;9;;;-1;1;Autovettura privata;In marcia / fermata / arresto;Conducente;M;Rimandato;0;NON DECEDUTO;Non accertato;Inesistente
1887484;5;18/09/2011 17:00;Strada Urbana;VIA DELLA TENUTA DEL CAVALIERE;da specificare;;;;pross. ponte sul fiume Aniene;Scontro laterale fra veicoli in marcia;Rettilineo;Una carreggiata a doppio senso;Asciutto;Asfaltata;Verticale ed orizzontale;Sereno;Normale;Buona;Ore Diurne;1;0;0;9;;;-1;2;Autovettura privata;In marcia / fermata / arresto;Conducente;M;Illeso;0;;Non accertato;Inesistente
1887484;5;18/09/2011 17:00;Strada Urbana;VIA DELLA TENUTA DEL CAVALIERE;da specificare;;;;pross. ponte sul fiume Aniene;Scontro laterale fra veicoli in marcia;Rettilineo;Una carreggiata a doppio senso;Asciutto;Asfaltata;Verticale ed orizzontale;Sereno;Normale;Buona;Ore Diurne;1;0;0;9;;;-1;3;Autovettura privata;In marcia / fermata / arresto;Conducente;M;Illeso;0;;Non accertato;Inesistente
1887484;5;18/09/2011 17:00;Strada Urbana;VIA DELLA TENUTA DEL CAVALIERE;da specificare;;;;pross. ponte sul fiume Aniene;Scontro laterale fra veicoli in marcia;Rettilineo;Una carreggiata a doppio senso;Asciutto;Asfaltata;Verticale ed orizzontale;Sereno;Normale;Buona;Ore Diurne;1;0;0;9;;;-1;3;Autovettura privata;In marcia / fermata / arresto;Passeggero;F;Illeso;0;;Non accertato;Inesistente
1887484;5;18/09/2011 17:00;Strada Urbana;VIA DELLA TENUTA DEL CAVALIERE;da specificare;;;;pross. ponte sul fiume Aniene;Scontro laterale fra veicoli in marcia;Rettilineo;Una carreggiata a doppio senso;Asciutto;Asfaltata;Verticale ed orizzontale;Sereno;Normale;Buona;Ore Diurne;1;0;0;9;;;-1;4;Autovettura privata;In marcia / fermata / arresto;Conducente;M;Illeso;0;;Non accertato;Inesistente
1887484;5;18/09/2011 17:00;Strada Urbana;VIA DELLA TENUTA DEL CAVALIERE;da specificare;;;;pross. ponte sul fiume Aniene;Scontro laterale fra veicoli in marcia;Rettilineo;Una carreggiata a doppio senso;Asciutto;Asfaltata;Verticale ed orizzontale;Sereno;Normale;Buona;Ore Diurne;1;0;0;9;;;-1;4;Autovettura privata;In marcia / fermata / arresto;Passeggero;F;Illeso;0;;Non accertato;Inesistente