Protocollo;Gruppo;DataOraIncidente;Localizzazione1;STRADA1;Localizzazione2;STRADA2;Strada02;Chilometrica;DaSpecificare;NaturaIncidente;particolaritastrade;TipoStrada;FondoStradale;Pavimentazione;Segnaletica;CondizioneAtmosferica;Traffico;Visibilita;Illuminazione;NUM_FERITI;NUM_RISERVATA;NUM_MORTI;NUM_ILLESI;Longitudine;Latitudine;Confermato;Progressivo;TipoVeicolo;StatoVeicolo;TipoPersona;Sesso;Tipolesione;Deceduto;DecedutoDopo;CinturaCascoUtilizzato;Airbag
1891450;4;20/09/2011 13:10;Provinciale entro l'abitato;VIA NOMENTANA;in prossimità;;del civico n. ;990;;Scontro laterale fra veicoli in marcia;Rettilineo;Una carreggiata a doppio senso;Asciutto;Asfaltata;Orizzontale;Sereno;Normale;Sufficiente;Ore Diurne;0;0;0;2;;;-1;1;Autovettura privata;In marcia / fermata / arresto;Conducente;F;Illeso;0;;Non accertato;Inesistente
1891450;4;20/09/2011 13:10;Provinciale entro l'abitato;VIA NOMENTANA;in prossimità;;del civico n. ;990;;Scontro laterale fra veicoli in marcia;Rettilineo;Una carreggiata a doppio senso;Asciutto;Asfaltata;Orizzontale;Sereno;Normale;Sufficiente;Ore Diurne;0;0;0;2;;;-1;2;Ciclomotore;In marcia / fermata / arresto;Conducente;M;Illeso;0;;Non accertato;Inesistente
1891452;4;20/09/2011 07:30;Strada Urbana;VIA SALARIA;in prossimità;;del civico n. ;665;;Tamponamento;Rettilineo;Una carreggiata a senso unico di marcia;Asciutto;Asfaltata;Verticale ed orizzontale;Sereno;Intenso;Buona;Ore Diurne;0;0;0;2;;;-1;1;Autovettura privata;In marcia / fermata / arresto;Conducente;M;Illeso;0;;Non accertato;Inesploso
1891452;4;20/09/2011 07:30;Strada Urbana;VIA SALARIA;in prossimità;;del civico n. ;665;;Tamponamento;Rettilineo;Una carreggiata a senso unico di marcia;Asciutto;Asfaltata;Verticale ed orizzontale;Sereno;Intenso;Buona;Ore Diurne;0;0;0;2;;;-1;2;Autovettura privata;In marcia / fermata / arresto;Conducente;M;Illeso;0;;Non accertato;Inesploso
1891461;4;20/09/2011 08:10;Strada Urbana;VIA ROSETTA PAMPANINI;da specificare;;;;altezza capolinea ATAC;Scontro laterale fra veicoli in marcia;Rettilineo;Una carreggiata a doppio senso;Asciutto;Asfaltata;Verticale;Sereno;Normale;Buona;Ore Diurne;0;0;0;4;;;-1;1;Autovettura privata;In marcia / fermata / arresto;Conducente;F;Illeso;0;;Non accertato;Inesistente
1891461;4;20/09/2011 08:10;Strada Urbana;VIA ROSETTA PAMPANINI;da specificare;;;;altezza capolinea ATAC;Scontro laterale fra veicoli in marcia;Rettilineo;Una carreggiata a doppio senso;Asciutto;Asfaltata;Verticale;Sereno;Normale;Buona;Ore Diurne;0;0;0;4;;;-1;1;Autovettura privata;In marcia / fermata / arresto;Passeggero;F;Illeso;0;;Non accertato;Inesistente
1891461;4;20/09/2011 08:10;Strada Urbana;VIA ROSETTA PAMPANINI;da specificare;;;;altezza capolinea ATAC;Scontro laterale fra veicoli in marcia;Rettilineo;Una carreggiata a doppio senso;Asciutto;Asfaltata;Verticale;Sereno;Normale;Buona;Ore Diurne;0;0;0;4;;;-1;1;Autovettura privata;In marcia / fermata / arresto;Passeggero;M;Illeso;0;;Non accertato;Inesistente
1891461;4;20/09/2011 08:10;Strada Urbana;VIA ROSETTA PAMPANINI;da specificare;;;;altezza capolinea ATAC;Scontro laterale fra veicoli in marcia;Rettilineo;Una carreggiata a doppio senso;Asciutto;Asfaltata;Verticale;Sereno;Normale;Buona;Ore Diurne;0;0;0;4;;;-1;2;Autocarro inferiore 35 q.;In marcia / fermata / arresto;Conducente;M;Illeso;0;;Non accertato;Inesistente
1891462;4;20/09/2011 17:56;Strada Urbana;VIA FILIPPO ANTONIO GUALTERIO;in corrispondenza;;del civico n. ;127;;Investimento di pedone;Rettilineo;Due carreggiate;Asciutto;Asfaltata;Orizzontale;Sereno;Normale;Buona;Ore Diurne;0;0;0;2;;;-1;;;;Pedone;M;Illeso;0;;;
1891462;4;20/09/2011 17:56;Strada Urbana;VIA FILIPPO ANTONIO GUALTERIO;in corrispondenza;;del civico n. ;127;;Investimento di pedone;Rettilineo;Due carreggiate;Asciutto;Asfaltata;Orizzontale;Sereno;Normale;Buona;Ore Diurne;0;0;0;2;;;-1;1;Autovettura privata;In marcia / fermata / arresto;Conducente;F;Illeso;0;;Non accertato;Inesistente
1891466;4;21/09/2011 07:45;Strada Urbana;VIA CAVRIGLIA;all'intersezione semaforizzata con;VIA DEI PRATI FISCALI;VIA DEI PRATI FISCALI;;;Tamponamento;Intersezione semaforizzata;Una carreggiata a doppio senso;Asciutto;Asfaltata;Verticale ed orizzontale;Sereno;Intenso;Buona;Ore Diurne;0;0;0;3;;;-1;1;Autovettura privata;In marcia / fermata / arresto;Conducente;M;Illeso;0;;Utilizzato;Inesploso
1891466;4;21/09/2011 07:45;Strada Urbana;VIA CAVRIGLIA;all'intersezione semaforizzata con;VIA DEI PRATI FISCALI;VIA DEI PRATI FISCALI;;;Tamponamento;Intersezione semaforizzata;Una carreggiata a doppio senso;Asciutto;Asfaltata;Verticale ed orizzontale;Sereno;Intenso;Buona;Ore Diurne;0;0;0;3;;;-1;1;Autovettura privata;In marcia / fermata / arresto;Passeggero;M;Illeso;0;;Non accertato;Inesistente
1891466;4;21/09/2011 07:45;Strada Urbana;VIA CAVRIGLIA;all'intersezione semaforizzata con;VIA DEI PRATI FISCALI;VIA DEI PRATI FISCALI;;;Tamponamento;Intersezione semaforizzata;Una carreggiata a doppio senso;Asciutto;Asfaltata;Verticale ed orizzontale;Sereno;Intenso;Buona;Ore Diurne;0;0;0;3;;;-1;2;Autocarro inferiore 35 q.;In marcia / fermata / arresto;Conducente;M;Illeso;0;;Utilizzato;Inesistente
1891470;4;21/09/2011 13:45;Strada Urbana;VIA SCARPANTO;in prossimità;;del civico n. ;16;;Scontro laterale fra veicoli in marcia;Rettilineo;Due carreggiate;Asciutto;Asfaltata;Verticale ed orizzontale;Sereno;Scarso;Buona;Ore Diurne;0;0;0;2;;;-1;1;Autovettura privata;In marcia / fermata / arresto;Conducente;F;Illeso;0;;Non accertato;Inesploso
1891470;4;21/09/2011 13:45;Strada Urbana;VIA SCARPANTO;in prossimità;;del civico n. ;16;;Scontro laterale fra veicoli in marcia;Rettilineo;Due carreggiate;Asciutto;Asfaltata;Verticale ed orizzontale;Sereno;Scarso;Buona;Ore Diurne;0;0;0;2;;;-1;2;Autovettura privata;In marcia / fermata / arresto;Conducente;F;Illeso;0;;Non accertato;Inesistente
1891473;4;21/09/2011 16:50;Provinciale entro l'abitato;VIA NOMENTANA;all'intersezione con;VIA DIEGO FABBRI;VIA DIEGO FABBRI;;;Scontro laterale fra veicoli in marcia;Incrocio;Una carreggiata a doppio senso;Asciutto;Asfaltata;Verticale ed orizzontale;Sereno;Normale;Buona;Ore Diurne;0;0;0;2;;;-1;1;Motociclo a solo;In marcia / fermata / arresto;Conducente;F;Illeso;0;;Non accertato;Inesistente
1891473;4;21/09/2011 16:50;Provinciale entro l'abitato;VIA NOMENTANA;all'intersezione con;VIA DIEGO FABBRI;VIA DIEGO FABBRI;;;Scontro laterale fra veicoli in marcia;Incrocio;Una carreggiata a doppio senso;Asciutto;Asfaltata;Verticale ed orizzontale;Sereno;Normale;Buona;Ore Diurne;0;0;0;2;;;-1;2;Autovettura privata;In marcia / fermata / arresto;Conducente;M;Illeso;0;;Non accertato;Inesistente
1891476;4;07/09/2011 10:00;Strada Urbana;VIA DEI PRATI FISCALI;da specificare;;;;tra il civ. 104 e il 106;Tamponamento;Rettilineo;Più di due carreggiate;Asciutto;Asfaltata;Orizzontale;Sereno;Intenso;Buona;Ore Diurne;1;0;0;3;;;-1;1;Autovettura privata;In marcia / fermata / arresto;Conducente;M;Illeso;0;;Non accertato;Inesistente
1891476;4;07/09/2011 10:00;Strada Urbana;VIA DEI PRATI FISCALI;da specificare;;;;tra il civ. 104 e il 106;Tamponamento;Rettilineo;Più di due carreggiate;Asciutto;Asfaltata;Orizzontale;Sereno;Intenso;Buona;Ore Diurne;1;0;0;3;;;-1;1;Autovettura privata;In marcia / fermata / arresto;Passeggero;F;Rifiuta cure immediate;0;NON DECEDUTO;Non accertato;Inesistente
1891476;4;07/09/2011 10:00;Strada Urbana;VIA DEI PRATI FISCALI;da specificare;;;;tra il civ. 104 e il 106;Tamponamento;Rettilineo;Più di due carreggiate;Asciutto;Asfaltata;Orizzontale;Sereno;Intenso;Buona;Ore Diurne;1;0;0;3;;;-1;2;Autovettura privata;In marcia / fermata / arresto;Conducente;M;Illeso;0;;Non accertato;Inesistente
1891476;4;07/09/2011 10:00;Strada Urbana;VIA DEI PRATI FISCALI;da specificare;;;;tra il civ. 104 e il 106;Tamponamento;Rettilineo;Più di due carreggiate;Asciutto;Asfaltata;Orizzontale;Sereno;Intenso;Buona;Ore Diurne;1;0;0;3;;;-1;2;Autovettura privata;In marcia / fermata / arresto;Passeggero;F;Illeso;0;;Non accertato;Inesistente
1891483;4;20/09/2011 08:45;Strada Urbana;PIAZZALE JONIO;in corrispondenza;;del civico n. ;1;;Veicolo in marcia contro veicolo arresto;Rettilineo;Due carreggiate;Asciutto;Asfaltata;Verticale ed orizzontale;Sereno;Normale;Buona;Ore Diurne;1;0;0;2;;;-1;1;Autovettura privata;In marcia / fermata / arresto;Conducente;F;Rimandato;0;NON DECEDUTO;Non accertato;Inesistente
1891483;4;20/09/2011 08:45;Strada Urbana;PIAZZALE JONIO;in corrispondenza;;del civico n. ;1;;Veicolo in marcia contro veicolo arresto;Rettilineo;Due carreggiate;Asciutto;Asfaltata;Verticale ed orizzontale;Sereno;Normale;Buona;Ore Diurne;1;0;0;2;;;-1;1;Autovettura privata;In marcia / fermata / arresto;Passeggero;M;Illeso;0;;Non accertato;Inesistente
1891483;4;20/09/2011 08:45;Strada Urbana;PIAZZALE JONIO;in corrispondenza;;del civico n. ;1;;Veicolo in marcia contro veicolo arresto;Rettilineo;Due carreggiate;Asciutto;Asfaltata;Verticale ed orizzontale;Sereno;Normale;Buona;Ore Diurne;1;0;0;2;;;-1;1;Autovettura privata;In marcia / fermata / arresto;Passeggero;F;Illeso;0;;Non accertato;Inesistente
1891491;4;21/09/2011 17:40;Strada Urbana;VIA CARLO LORENZINI;da specificare;;;;Altezza civ. 40;Veicolo in marcia contro ostacolo accidentale;Rettilineo;Una carreggiata a doppio senso;Asciutto;Asfaltata;Verticale ed orizzontale;Sereno;Normale;Buona;Ore Diurne;0;0;0;1;;;-1;1;Autovettura privata;In marcia / fermata / arresto;Conducente;M;Illeso;0;;Non accertato;Inesistente
1891493;4;21/09/2011 07:45;Strada Urbana;VIALE JONIO;all'intersezione semaforizzata con;VIA MONTECASSINO;VIA MONTECASSINO;;;Scontro frontale fra veicoli in marcia;Intersezione semaforizzata;Due carreggiate;Asciutto;Asfaltata;Assente;Sereno;Intenso;Buona;Ore Diurne;1;0;0;1;;;-1;1;Ciclomotore;In marcia / fermata / arresto;Conducente;F;Rimandato;0;NON DECEDUTO;Non accertato;Inesistente
1891493;4;21/09/2011 07:45;Strada Urbana;VIALE JONIO;all'intersezione semaforizzata con;VIA MONTECASSINO;VIA MONTECASSINO;;;Scontro frontale fra veicoli in marcia;Intersezione semaforizzata;Due carreggiate;Asciutto;Asfaltata;Assente;Sereno;Intenso;Buona;Ore Diurne;1;0;0;1;;;-1;2;Autovettura privata;In marcia / fermata / arresto;Conducente;M;Illeso;0;;Non accertato;Inesistente
1891505;4;21/09/2011 01:50;Strada Urbana;VIA LIVORNO;all'intersezione con;VIA SIMON BOCCANEGRA;VIA SIMON BOCCANEGRA;;;Scontro frontale/laterale SX fra veicoli in marcia;Incrocio;Una carreggiata a doppio senso;Asciutto;Asfaltata;Verticale ed orizzontale;Sereno;Scarso;Sufficiente;Sufficiente;1;0;0;1;;;-1;1;Autovettura privata;In marcia / fermata / arresto;Conducente;F;Rifiuta cure immediate;0;NON DECEDUTO;Non accertato;Inesistente
1891505;4;21/09/2011 01:50;Strada Urbana;VIA LIVORNO;all'intersezione con;VIA SIMON BOCCANEGRA;VIA SIMON BOCCANEGRA;;;Scontro frontale/laterale SX fra veicoli in marcia;Incrocio;Una carreggiata a doppio senso;Asciutto;Asfaltata;Verticale ed orizzontale;Sereno;Scarso;Sufficiente;Sufficiente;1;0;0;1;;;-1;2;Autovettura privata;In marcia / fermata / arresto;Conducente;M;Illeso;0;;Non accertato;Inesistente
1891511;4;21/09/2011 08:30;Strada Urbana;VIA DELLE VIGNE NUOVE;in corrispondenza;;del civico n. ;44B;;Scontro frontale/laterale SX fra veicoli in marcia;Rettilineo;Una carreggiata a doppio senso;Asciutto;Asfaltata;Assente;Sereno;Intenso;Buona;Ore Diurne;2;0;0;1;;;-1;1;Motociclo con passeggero;In marcia / fermata / arresto;Conducente;M;Rimandato;0;NON DECEDUTO;Non accertato;Inesistente
1891511;4;21/09/2011 08:30;Strada Urbana;VIA DELLE VIGNE NUOVE;in corrispondenza;;del civico n. ;44B;;Scontro frontale/laterale SX fra veicoli in marcia;Rettilineo;Una carreggiata a doppio senso;Asciutto;Asfaltata;Assente;Sereno;Intenso;Buona;Ore Diurne;2;0;0;1;;;-1;1;Motociclo con passeggero;In marcia / fermata / arresto;Passeggero;F;Rimandato;0;NON DECEDUTO;Non accertato;Inesistente
1891511;4;21/09/2011 08:30;Strada Urbana;VIA DELLE VIGNE NUOVE;in corrispondenza;;del civico n. ;44B;;Scontro frontale/laterale SX fra veicoli in marcia;Rettilineo;Una carreggiata a doppio senso;Asciutto;Asfaltata;Assente;Sereno;Intenso;Buona;Ore Diurne;2;0;0;1;;;-1;2;Autovettura privata;In marcia / fermata / arresto;Conducente;M;Illeso;0;;Non accertato;Inesistente
1891520;4;22/09/2011 16:30;Statale entro l'abitato;VIA SALARIA;da specificare;;;;uscita Tangenziale Est direzione G.R.A.;Tamponamento;Curva senza visuale libera;Una carreggiata a senso unico di marcia;Asciutto;Asfaltata;Verticale ed orizzontale;Sereno;Normale;Buona;Ore Diurne;0;0;0;2;;;-1;1;Autovettura privata;In marcia / fermata / arresto;Conducente;M;Illeso;0;;Non accertato;Inesistente
1891520;4;22/09/2011 16:30;Statale entro l'abitato;VIA SALARIA;da specificare;;;;uscita Tangenziale Est direzione G.R.A.;Tamponamento;Curva senza visuale libera;Una carreggiata a senso unico di marcia;Asciutto;Asfaltata;Verticale ed orizzontale;Sereno;Normale;Buona;Ore Diurne;0;0;0;2;;;-1;2;Autovettura privata;In marcia / fermata / arresto;Conducente;M;Illeso;0;;Non accertato;Inesistente
1891521;17;22/09/2011 08:00;Strada Urbana;VIA LEONE IV;all'intersezione semaforizzata con;VIALE VATICANO;VIALE VATICANO;;;Scontro laterale fra veicoli in marcia;Intersezione semaforizzata;Una carreggiata a doppio senso;Asciutto;Asfaltata;Verticale ed orizzontale;Sereno;Intenso;Sufficiente;Ore Diurne;0;0;0;3;;;-1;1;Autocarro inferiore 35 q.;In marcia / fermata / arresto;Conducente;M;Illeso;0;;Esente;Inesploso
1891521;17;22/09/2011 08:00;Strada Urbana;VIA LEONE IV;all'intersezione semaforizzata con;VIALE VATICANO;VIALE VATICANO;;;Scontro laterale fra veicoli in marcia;Intersezione semaforizzata;Una carreggiata a doppio senso;Asciutto;Asfaltata;Verticale ed orizzontale;Sereno;Intenso;Sufficiente;Ore Diurne;0;0;0;3;;;-1;2;Autovettura privata;In marcia / fermata / arresto;Conducente;F;Illeso;0;;Non accertato;Inesploso
1891521;17;22/09/2011 08:00;Strada Urbana;VIA LEONE IV;all'intersezione semaforizzata con;VIALE VATICANO;VIALE VATICANO;;;Scontro laterale fra veicoli in marcia;Intersezione semaforizzata;Una carreggiata a doppio senso;Asciutto;Asfaltata;Verticale ed orizzontale;Sereno;Intenso;Sufficiente;Ore Diurne;0;0;0;3;;;-1;2;Autovettura privata;In marcia / fermata / arresto;Passeggero;M;Illeso;0;;Non accertato;Inesploso
1891610;17;22/09/2011 19:55;Strada Urbana;VIALE GIUSEPPE MAZZINI;all'intersezione con;VIA MONTE SANTO;VIA MONTE SANTO;;;Scontro laterale fra veicoli in marcia;Incrocio;Due carreggiate;Asciutto;Asfaltata;Verticale ed orizzontale;Sereno;Normale;Buona;Sufficiente;0;0;0;2;;;-1;1;Autovettura privata;In marcia / fermata / arresto;Conducente;;Illeso;0;;Non accertato;Inesploso
1891610;17;22/09/2011 19:55;Strada Urbana;VIALE GIUSEPPE MAZZINI;all'intersezione con;VIA MONTE SANTO;VIA MONTE SANTO;;;Scontro laterale fra veicoli in marcia;Incrocio;Due carreggiate;Asciutto;Asfaltata;Verticale ed orizzontale;Sereno;Normale;Buona;Sufficiente;0;0;0;2;;;-1;2;Ciclomotore;In marcia / fermata / arresto;Conducente;M;Illeso;0;;Non accertato;Inesistente
1891622;4;22/09/2011 20:30;Strada Urbana;VIA VAL DI LANZO;da specificare;;;;fronte scuola C. Piva ;Scontro laterale fra veicoli in marcia;Rettilineo;Una carreggiata a doppio senso;Asciutto;Asfaltata;Verticale ed orizzontale;Sereno;Normale;Buona;Sufficiente;0;0;0;2;;;-1;1;Autovettura privata;In marcia / fermata / arresto;Conducente;M;Illeso;0;;Non accertato;Inesistente
1891622;4;22/09/2011 20:30;Strada Urbana;VIA VAL DI LANZO;da specificare;;;;fronte scuola C. Piva ;Scontro laterale fra veicoli in marcia;Rettilineo;Una carreggiata a doppio senso;Asciutto;Asfaltata;Verticale ed orizzontale;Sereno;Normale;Buona;Sufficiente;0;0;0;2;;;-1;2;Autovettura privata;In marcia / fermata / arresto;Conducente;M;Illeso;0;;Non accertato;Inesistente
1891624;4;22/09/2011 17:15;Provinciale entro l'abitato;VIA NOMENTANA;all'intersezione semaforizzata con;VIA MONTE SUBASIO;VIA MONTE SUBASIO;;;Scontro laterale fra veicoli in marcia;Incrocio;Una carreggiata a doppio senso;Asciutto;Asfaltata;Verticale ed orizzontale;Sereno;Normale;Buona;Ore Diurne;0;0;0;2;;;-1;1;Autovettura privata;In marcia / fermata / arresto;Conducente;F;Illeso;0;;Non accertato;Inesistente
1891624;4;22/09/2011 17:15;Provinciale entro l'abitato;VIA NOMENTANA;all'intersezione semaforizzata con;VIA MONTE SUBASIO;VIA MONTE SUBASIO;;;Scontro laterale fra veicoli in marcia;Incrocio;Una carreggiata a doppio senso;Asciutto;Asfaltata;Verticale ed orizzontale;Sereno;Normale;Buona;Ore Diurne;0;0;0;2;;;-1;2;Autobus di linea;In marcia / fermata / arresto;Conducente;M;Illeso;0;;Non accertato;Inesistente
1891628;4;22/09/2011 15:55;Provinciale;VIA NOMENTANA;in corrispondenza;;della chilometrica ;12,1;;Tamponamento Multiplo;Rettilineo;Una carreggiata a doppio senso;Asciutto;Asfaltata;Verticale ed orizzontale;Nuvoloso;Normale;Buona;Ore Diurne;0;0;0;4;;;-1;1;Autovettura privata;In marcia / fermata / arresto;Conducente;M;Illeso;0;;Non accertato;Inesistente
1891628;4;22/09/2011 15:55;Provinciale;VIA NOMENTANA;in corrispondenza;;della chilometrica ;12,1;;Tamponamento Multiplo;Rettilineo;Una carreggiata a doppio senso;Asciutto;Asfaltata;Verticale ed orizzontale;Nuvoloso;Normale;Buona;Ore Diurne;0;0;0;4;;;-1;1;Autovettura privata;In marcia / fermata / arresto;Passeggero;F;Illeso;0;;Non accertato;Inesistente
1891628;4;22/09/2011 15:55;Provinciale;VIA NOMENTANA;in corrispondenza;;della chilometrica ;12,1;;Tamponamento Multiplo;Rettilineo;Una carreggiata a doppio senso;Asciutto;Asfaltata;Verticale ed orizzontale;Nuvoloso;Normale;Buona;Ore Diurne;0;0;0;4;;;-1;2;Autovettura privata;In marcia / fermata / arresto;Conducente;M;Illeso;0;;Non accertato;Inesistente
1891628;4;22/09/2011 15:55;Provinciale;VIA NOMENTANA;in corrispondenza;;della chilometrica ;12,1;;Tamponamento Multiplo;Rettilineo;Una carreggiata a doppio senso;Asciutto;Asfaltata;Verticale ed orizzontale;Nuvoloso;Normale;Buona;Ore Diurne;0;0;0;4;;;-1;3;Autovettura privata;In marcia / fermata / arresto;Conducente;F;Illeso;0;;Non accertato;Inesistente
1891641;4;22/09/2011 11:20;Provinciale entro l'abitato;VIA NOMENTANA;all'intersezione con;VIA ETTORE ROMAGNOLI;VIA ETTORE ROMAGNOLI;;;Scontro laterale fra veicoli in marcia;Incrocio;Una carreggiata a doppio senso;Asciutto;Asfaltata;Verticale ed orizzontale;Sereno;Normale;Buona;Ore Diurne;0;0;0;3;;;-1;1;Autovettura privata;In marcia / fermata / arresto;Conducente;M;Illeso;0;;Non accertato;Inesistente
1891641;4;22/09/2011 11:20;Provinciale entro l'abitato;VIA NOMENTANA;all'intersezione con;VIA ETTORE ROMAGNOLI;VIA ETTORE ROMAGNOLI;;;Scontro laterale fra veicoli in marcia;Incrocio;Una carreggiata a doppio senso;Asciutto;Asfaltata;Verticale ed orizzontale;Sereno;Normale;Buona;Ore Diurne;0;0;0;3;;;-1;2;Autovettura privata;In marcia / fermata / arresto;Conducente;F;Illeso;0;;Non accertato;Inesistente
1891641;4;22/09/2011 11:20;Provinciale entro l'abitato;VIA NOMENTANA;all'intersezione con;VIA ETTORE ROMAGNOLI;VIA ETTORE ROMAGNOLI;;;Scontro laterale fra veicoli in marcia;Incrocio;Una carreggiata a doppio senso;Asciutto;Asfaltata;Verticale ed orizzontale;Sereno;Normale;Buona;Ore Diurne;0;0;0;3;;;-1;2;Autovettura privata;In marcia / fermata / arresto;Passeggero;F;Illeso;0;;Non accertato;Inesistente
1891648;4;22/09/2011 13:52;Provinciale entro l'abitato;VIA NOMENTANA;all'intersezione con;VIA DEL PODERE ROSA;VIA DEL PODERE ROSA;;;Scontro frontale/laterale SX fra veicoli in marcia;Incrocio;Una carreggiata a doppio senso;Asciutto;Asfaltata;Verticale ed orizzontale;Sereno;Normale;Buona;Ore Diurne;2;0;0;1;;;-1;1;Autovettura privata;In marcia / fermata / arresto;Conducente;F;Illeso;0;;Non accertato;Inesistente
1891648;4;22/09/2011 13:52;Provinciale entro l'abitato;VIA NOMENTANA;all'intersezione con;VIA DEL PODERE ROSA;VIA DEL PODERE ROSA;;;Scontro frontale/laterale SX fra veicoli in marcia;Incrocio;Una carreggiata a doppio senso;Asciutto;Asfaltata;Verticale ed orizzontale;Sereno;Normale;Buona;Ore Diurne;2;0;0;1;;;-1;2;Motociclo con passeggero;In marcia / fermata / arresto;Conducente;F;Rimandato;0;NON DECEDUTO;Non accertato;Inesistente
1891648;4;22/09/2011 13:52;Provinciale entro l'abitato;VIA NOMENTANA;all'intersezione con;VIA DEL PODERE ROSA;VIA DEL PODERE ROSA;;;Scontro frontale/laterale SX fra veicoli in marcia;Incrocio;Una carreggiata a doppio senso;Asciutto;Asfaltata;Verticale ed orizzontale;Sereno;Normale;Buona;Ore Diurne;2;0;0;1;;;-1;2;Motociclo con passeggero;In marcia / fermata / arresto;Passeggero;F;Rimandato;0;NON DECEDUTO;Non accertato;Inesistente
1891699;4;22/09/2011 18:40;Strada Urbana;VIA VALLE VERMIGLIO;all'intersezione con;VIALE VAL PADANA;VIALE VAL PADANA;;;Infortunio per sola frenata improvvisa;Incrocio;Una carreggiata a senso unico di marcia;Asciutto;Asfaltata;Verticale ed orizzontale;Sereno;Scarso;Buona;Ore Diurne;1;0;0;0;;;-1;1;Motociclo a solo;In marcia / fermata / arresto;Conducente;M;Rimandato;0;NON DECEDUTO;Non accertato;Inesistente
1891700;4;23/09/2011 18:15;Strada Urbana;VIA MONTE GIBERTO;in corrispondenza;;del civico n. ;13;;Veicolo in marcia contro veicolo in sosta;Rettilineo;Una carreggiata a doppio senso;Asciutto;Asfaltata;Assente;Sereno;Normale;Buona;Ore Diurne;0;0;0;1;;;-1;1;Autovettura privata;In marcia / fermata / arresto;Conducente;F;Illeso;0;;Non accertato;Inesistente
1891702;17;23/09/2011 18:15;Strada Urbana;VIALE ANGELICO;da specificare;;;;altezza civico 39 della carreggiata laterale;Veicolo in marcia contro veicolo arresto;Rettilineo;Più di due carreggiate;Asciutto;Asfaltata;Verticale ed orizzontale;Sereno;Normale;Buona;Ore Diurne;0;0;0;2;;;-1;1;Autovettura privata;In marcia / fermata / arresto;Conducente;F;Illeso;0;;Non accertato;Inesistente
1891702;17;23/09/2011 18:15;Strada Urbana;VIALE ANGELICO;da specificare;;;;altezza civico 39 della carreggiata laterale;Veicolo in marcia contro veicolo arresto;Rettilineo;Più di due carreggiate;Asciutto;Asfaltata;Verticale ed orizzontale;Sereno;Normale;Buona;Ore Diurne;0;0;0;2;;;-1;2;Autovettura privata;In marcia / fermata / arresto;Conducente;F;Illeso;0;;Non accertato;Inesistente
1891704;4;23/09/2011 17:15;Strada Urbana;VIA NOMENTANA;all'intersezione con;VIA ETTORE ROMAGNOLI;VIA ETTORE ROMAGNOLI;;;Scontro frontale/laterale SX fra veicoli in marcia;Incrocio;Una carreggiata a doppio senso;Asciutto;Asfaltata;Verticale ed orizzontale;Sereno;Intenso;Buona;Ore Diurne;0;0;0;2;;;-1;1;Motociclo a solo;In marcia / fermata / arresto;Conducente;M;Illeso;0;;Non accertato;Inesistente
1891704;4;23/09/2011 17:15;Strada Urbana;VIA NOMENTANA;all'intersezione con;VIA ETTORE ROMAGNOLI;VIA ETTORE ROMAGNOLI;;;Scontro frontale/laterale SX fra veicoli in marcia;Incrocio;Una carreggiata a doppio senso;Asciutto;Asfaltata;Verticale ed orizzontale;Sereno;Intenso;Buona;Ore Diurne;0;0;0;2;;;-1;2;Autovettura privata;In marcia / fermata / arresto;Conducente;M;Illeso;0;;Non accertato;Inesploso
1891711;4;23/09/2011 10:18;Statale entro l'abitato;RACCORDO SALARIO SETTEBAGNI;all'intersezione semaforizzata con;VIA SALARIA;VIA SALARIA;;;Scontro laterale fra veicoli in marcia;Incrocio;Due carreggiate;Asciutto;Asfaltata;Verticale ed orizzontale;Sereno;Normale;Buona;Ore Diurne;0;0;0;2;;;-1;1;Autocarro inferiore 35 q.;In marcia / fermata / arresto;Conducente;M;Illeso;0;;Non accertato;Inesistente
1891711;4;23/09/2011 10:18;Statale entro l'abitato;RACCORDO SALARIO SETTEBAGNI;all'intersezione semaforizzata con;VIA SALARIA;VIA SALARIA;;;Scontro laterale fra veicoli in marcia;Incrocio;Due carreggiate;Asciutto;Asfaltata;Verticale ed orizzontale;Sereno;Normale;Buona;Ore Diurne;0;0;0;2;;;-1;2;Autovettura privata;In marcia / fermata / arresto;Conducente;M;Illeso;0;;Non accertato;Inesistente
1891714;17;17/09/2011 00:45;Strada Urbana;VIA COLA DI RIENZO;in prossimità;;del civico n. ;149;;Veicolo in marcia contro ostacolo accidentale;Rettilineo;Due carreggiate;Asciutto;Acciotolata;Orizzontale;Sereno;Scarso;Buona;Sufficiente;0;0;0;3;;;-1;1;Motociclo con passeggero;In marcia / fermata / arresto;Conducente;M;Illeso;0;;Non accertato;Inesistente
1891714;17;17/09/2011 00:45;Strada Urbana;VIA COLA DI RIENZO;in prossimità;;del civico n. ;149;;Veicolo in marcia contro ostacolo accidentale;Rettilineo;Due carreggiate;Asciutto;Acciotolata;Orizzontale;Sereno;Scarso;Buona;Sufficiente;0;0;0;3;;;-1;1;Motociclo con passeggero;In marcia / fermata / arresto;Passeggero;F;Illeso;0;;Non accertato;Inesistente